,Homogeneity Score,Completeness Score,V-Measure
cluster_kmeans,0.9353894680634508,0.948227577450643,0.9417647726080901
cluster_affinity,0.9519501783472107,0.9141814054239956,0.9326835894137812
cluster_agglomerative,0.9492370691366596,0.9601756457623877,0.9546750251823656
