,Homogeneity Score,Completeness Score,V-Measure
cluster_Kmeans,0.777157121773215,0.7946362384931159,0.7857994919374932
cluster_gmm,0.7753422123096625,0.7945775704074209,0.784842051260843
cluster_affinityPropagation,0.8192821655168583,0.7795056985454086,0.7988991298874923
cluster_agglomerative,0.8326347303942891,0.8492311592650501,0.8408510591534823
cluster_mean_shift,0.00023397861224606496,0.6189105662021304,0.0004677803805178201
cluster_spectralClustering,0.35273632371599356,0.767650881538118,0.48336565891018546
