,Homogeneity Score,Completeness Score,V-Measure
cluster_kmeans,0.9386499411858363,0.9495593252163533,0.9440731179813459
cluster_affinity,0.9539841210423695,0.9314819481395109,0.9425987580336406
cluster_agglomerative,0.9541468089117898,0.9620517846793569,0.9580829914287667
