,Homogeneity Score,Completeness Score,V-Measure
cluster_kmeans,0.7785149983760198,0.7959296104261994,0.7871259946576094
cluster_affinity,-6.571624126343447e-17,1.0,-1.3143248252686897e-16
cluster_agglomerative,0.8361145577687426,0.8512643041537438,0.8436214216893752
