,Homogeneity Score,Completeness Score,V-Measure
cluster_Kmeans,0.9381951609605381,0.946656207096683,0.9424066933264971
cluster_mean_shift,0.00011351347328810678,0.6005188527564203,0.00022698404076779429
cluster_affinityPropagation,0.9512372758839991,0.913227227334078,0.9318448042244748
cluster_agglomerative,0.9487193042415777,0.958689244542941,0.9536782181732925
