,Homogeneity Score,Completeness Score,V-Measure
cluster_Kmeans,0.9392060054337302,0.9497681948954529,0.9444575709507448
cluster_affinityPropagation,-5.087185518463467e-17,1.0,-1.0174371036926934e-16
cluster_agglomerative,0.9532640090437404,0.9611876718496727,0.9572094429494784
